{"adviceanimals":9.685473193839657e-230,"aww":0.02782295750963358,"me_irl":4.375286106002771e-229,"animalsbeingbros":0.03155613983957679,"askreddit":9.024461780790272e-230,"holdthemoan":6.610114130493859e-231,"the_donald":1.8021381824870587e-228,"wtf":6.0499687784055434e-229,"nba":6.610114130493859e-231,"bestof":1.145515073685287e-228,"thathappened":4.007223828219466e-228,"showerthoughts":1.774599156261648e-230,"nsfw":6.610114130493859e-231,"writingprompts":6.610114130493859e-231,"circlejerk":1.0775550459477406e-228,"books":6.610114130493859e-231,"4chan":5.3612333121990786e-229,"tifu":2.6457163659413763e-229,"pcmasterrace":6.610114130493859e-231,"videos":8.231900881058176e-229,"todayilearned":1.6905834432249133e-228,"subredditsimulator":1.2787348750264893e-228,"science":6.610114130493859e-231,"imgoingtohellforthis":1.2967846535422503e-228,"worldnews":7.656132689831603e-229,"trees":6.610114130493859e-231,"crappydesign":9.506881390302793e-229,"atheism":2.645959208900749e-228,"kenm":3.43682260606962e-228,"blackpeopletwitter":1.071360971794264e-229,"britishproblems":"0/1","funny":2.603847983793249e-228,"cringeanarchy":3.397405322332371e-229,"pics":1.9078384280942182e-229,"cringepics":1.9078384280942182e-229,"damnthatsinteresting":"0/1","explainlikeimfive":"0/1","facepalm":8.991545448323426e-229,"news":7.03042074711142e-229,"gifs":1.246982096849016e-228,"futurama":5.067754166711958e-230,"futurology":"0/1","gaming":7.590031548526664e-229,"oddlysatisfying":2.5573434697721924e-229,"food":2.5573434697721924e-229,"unexpected":1.0674532291724661e-228,"highqualitygifs":5.067754166711958e-230,"politics":1.8858735577330243e-228,"sandersforpresident":7.760781669152545e-229,"historyporn":"0/1","hockey":"0/1","instant_regret":"0/1","mildlyinteresting":1.071360971794264e-229,"woahdude":9.024461780790272e-230,"movies":1.9811509936601872e-229,"tumblrinaction":5.4143171472783274e-229,"nottheonion":5.962650286448356e-229,"nonononoyes":"0/1","mildlyinfuriating":8.616572382569328e-230,"oldschoolcool":"0/1","osha":"0/1","petitegonewild":"0/1","soccer":7.276283164554327e-229,"reactiongifs":0.0,"oldpeoplefacebook":6.5371876898810724e-229,"shittyreactiongifs":"0/1","globaloffensive":2.5796152246364376e-229,"meirl":9.965394598414437e-231,"space":"0/1","sports":"0/1","upliftingnews":"0/1","jokes":2.5796152246364376e-229,"youdontsurf":"0/1"}
