{"adviceanimals":0.005431379534824257,"aww":0.024919497141476673,"me_irl":0.009934159846240478,"animalsbeingbros":0.022675323741186967,"askreddit":0.009343820021662598,"holdthemoan":0.0030647284629333506,"the_donald":0.011890884461814733,"wtf":0.0070011011542818885,"nba":0.0052565092848511595,"bestof":0.007766583553691577,"thathappened":0.025158764294692056,"showerthoughts":0.0055165112332800316,"nsfw":0.0030647284629333506,"writingprompts":0.0030647284629333506,"circlejerk":0.0064213246509874635,"books":0.0030647284629333506,"4chan":0.004520237369615304,"tifu":0.0039355933197807585,"pcmasterrace":0.0030647284629333506,"videos":0.005809468249648012,"todayilearned":0.010173756303177038,"subredditsimulator":0.00748663477928995,"science":0.004160618873892255,"imgoingtohellforthis":0.009074332101658537,"worldnews":0.005442905355296297,"trees":0.0030647284629333506,"crappydesign":0.006711990633867237,"atheism":0.015949904211730034,"kenm":0.015962158561612597,"blackpeopletwitter":0.004090143661462425,"britishproblems":0.0027397260273972603,"funny":0.019391723312408325,"cringeanarchy":0.004606686335205764,"pics":0.005064066127744368,"cringepics":0.003968175716785464,"damnthatsinteresting":0.0027397260273972603,"explainlikeimfive":0.0027397260273972603,"facepalm":0.005787935411114213,"news":0.004947114698892252,"gifs":0.010200996765250568,"futurama":0.003906601625259188,"futurology":0.0027397260273972603,"gaming":0.005117902919760207,"oddlysatisfying":0.0035585904945588933,"food":0.0035585904945588933,"unexpected":0.0076205234592923825,"highqualitygifs":0.005002492036218093,"politics":0.010916316800114654,"sandersforpresident":0.005918301645555102,"historyporn":0.0027397260273972603,"hockey":0.0027397260273972603,"instant_regret":0.0027397260273972603,"mildlyinteresting":0.004090143661462425,"woahdude":0.00437578349198223,"movies":0.0034036652559284617,"tumblrinaction":0.005736703719728323,"nottheonion":0.0047398213750277675,"nonononoyes":0.0027397260273972603,"mildlyinfuriating":0.003309100506526683,"oldschoolcool":0.0027397260273972603,"osha":0.0027397260273972603,"petitegonewild":0.0027397260273972603,"soccer":0.0048591741626104155,"reactiongifs":0.0034703196347031966,"oldpeoplefacebook":0.005107046685619301,"shittyreactiongifs":0.0027397260273972603,"globaloffensive":0.004341184491550604,"meirl":0.005306686100564173,"space":0.0027397260273972603,"sports":0.0027397260273972603,"upliftingnews":0.0027397260273972603,"jokes":0.003610590884244668,"youdontsurf":0.0027397260273972603}
