{"adviceanimals":0.005432518566615473,"aww":0.024738615783806078,"me_irl":0.00993958847352177,"animalsbeingbros":0.02284898940246866,"askreddit":0.009344873251608314,"holdthemoan":0.003064814264778849,"the_donald":0.011912862137224086,"wtf":0.007008115700900725,"nba":0.005256595086696658,"bestof":0.0077800284417483285,"thathappened":0.025204752979903055,"showerthoughts":0.005516707475378633,"nsfw":0.003064814264778849,"writingprompts":0.003064814264778849,"circlejerk":0.006434781572360708,"books":0.003064814264778849,"4chan":0.004526572520258279,"tifu":0.00393894059503065,"pcmasterrace":0.003064814264778849,"videos":0.0058199538192421265,"todayilearned":0.010192252738315057,"subredditsimulator":0.0075026469450337275,"science":0.004160704675737753,"imgoingtohellforthis":0.009089399462019844,"worldnews":0.005451569935973603,"trees":0.003064814264778849,"crappydesign":0.006723879238498834,"atheism":0.01598347167421105,"kenm":0.016001624062140795,"blackpeopletwitter":0.004091342018538051,"britishproblems":0.0027397260273972603,"funny":0.01942126839683799,"cringeanarchy":0.004610721444614713,"pics":0.005066172684067212,"cringepics":0.003970282273108308,"damnthatsinteresting":0.0027397260273972603,"explainlikeimfive":0.0027397260273972603,"facepalm":0.005799339421105278,"news":0.004954754638590696,"gifs":0.010215832003642249,"futurama":0.003907259439408011,"futurology":0.0027397260273972603,"gaming":0.0051264816985920145,"oddlysatisfying":0.003561829879912666,"food":0.003561829879912666,"unexpected":0.007632699291779575,"highqualitygifs":0.005003149850366914,"politics":0.010938703664383518,"sandersforpresident":0.005927049766108334,"historyporn":0.0027397260273972603,"hockey":0.0027397260273972603,"instant_regret":0.0027397260273972603,"mildlyinteresting":0.004091342018538051,"woahdude":0.004376836721927948,"movies":0.0034058123712623466,"tumblrinaction":0.005743825490458594,"nottheonion":0.004746955405963843,"nonononoyes":0.0027397260273972603,"mildlyinfuriating":0.0033100238003298554,"oldschoolcool":0.0027397260273972603,"osha":0.0027397260273972603,"petitegonewild":0.0027397260273972603,"soccer":0.004867570626741776,"reactiongifs":0.0034703196347031966,"oldpeoplefacebook":0.005115276840596651,"shittyreactiongifs":0.0027397260273972603,"globaloffensive":0.004344445964954997,"meirl":0.005306780171196186,"space":0.0027397260273972603,"sports":0.0027397260273972603,"upliftingnews":0.0027397260273972603,"jokes":0.003613852357649061,"youdontsurf":0.0027397260273972603}
