{"facepalm":0.008219178082191782,"news":0.007958251793868231,"imgoingtohellforthis":0.021846337105419892,"funny":0.054246575342465755,"mildlyinteresting":0.006392694063926941,"me_irl":0.02502283105022831,"woahdude":0.008219178082191782,"cringepics":0.006392694063926941,"thathappened":0.06385546952551122,"adviceanimals":0.012348620210442723,"aww":0.0228310502283105,"trees":0.003216200119118523,"showerthoughts":0.014175104228707564,"nottheonion":0.006757990867579909,"bestof":0.014175104228707564,"wtf":0.014540401032360532,"petitegonewild":0.0027397260273972603,"cringeanarchy":0.006392694063926941,"pics":0.01187214611872146,"the_donald":0.022316004424402278,"highqualitygifs":0.01187214611872146,"futurama":0.006392694063926941,"gifs":0.01964774951076321,"kenm":0.02502283105022831,"unexpected":0.010410958904109587,"blackpeopletwitter":0.006392694063926941,"askreddit":0.03013698630136986,"hockey":0.0027397260273972603,"nba":0.014175104228707564,"shittyreactiongifs":0.0027397260273972603,"reactiongifs":0.006392694063926941,"globaloffensive":0.00858447488584475,"videos":0.00942624578121898,"politics":0.022387475538160468,"soccer":0.006131767775603392,"todayilearned":0.019393629995178536,"movies":0.004305283757338552,"worldnews":0.005955926146515783,"gaming":0.005479452054794521,"sandersforpresident":0.007671232876712329,"oldpeoplefacebook":0.008219178082191782,"oldschoolcool":0.0027397260273972603,"animalsbeingbros":0.0136986301369863,"subredditsimulator":0.00906094897756601,"atheism":0.0378082191780822,"crappydesign":0.00759976176295414,"oddlysatisfying":0.004931506849315068,"mildlyinfuriating":0.004931506849315068,"circlejerk":0.00906094897756601,"4chan":0.005042684137383363,"sports":0.0027397260273972603,"britishproblems":0.0027397260273972603,"upliftingnews":0.0027397260273972603,"futurology":0.0027397260273972603,"damnthatsinteresting":0.0027397260273972603,"explainlikeimfive":0.0027397260273972603,"osha":0.0027397260273972603,"food":0.004931506849315068,"tumblrinaction":0.012237442922374428,"youdontsurf":0.0027397260273972603,"meirl":0.01187214611872146,"historyporn":0.0027397260273972603,"instant_regret":0.0027397260273972603,"space":0.0027397260273972603,"jokes":0.004931506849315068,"tifu":0.005407980941036331,"nonononoyes":0.0027397260273972603,"science":0.008695652173913044,"holdthemoan":0.003216200119118523,"nsfw":0.003216200119118523,"writingprompts":0.003216200119118523,"books":0.003216200119118523,"pcmasterrace":0.003216200119118523}
